job_id,saved_at,mode,source_key,codec,side,preset_label,preset_detail,success,duration_s,output_size_mb,bit_rate_kbps,profile,width,height,gop_avg,has_b_frames,w_base,w_task,delta_w,delta_t_s,delta_e_wh,poll_count,confidence_flag,confidence_label,confidence_positive,confidence_method,co2e_grams,intensity_g_per_kwh,vmaf,cpu_mean_c,cpu_peak_c,gpu_mean_c,gpu_peak_c,gpu_ppt_mean_w,gpu_ppt_peak_w,owl_sha
4700af4f,2026-05-28T19:15:56.416610,both,meridian_120s,av1,CPU,AV1 CPU,libsvtav1 · 1500 kbps ABR · 1080p · 24 cores,True,34.7,14.71,,,,,,,64.86,136.15,71.29,34.8,0.6891,32,🟢,Repeatable,1.0,ci,0.0282531,41,92.8,65.1,69.6,43.0,43.0,3.0,3.0,fc58816
4700af4f,2026-05-28T19:15:56.416610,both,meridian_120s,av1,GPU,AV1 GPU,av1_vaapi · 1500 kbps ABR · 1080p · full pipeline,True,15.1,20.34,,,,,,,64.55,135.23,70.68,15.2,0.2984,14,🟢,Repeatable,1.0,ci,0.0122344,41,90.81,60.7,60.8,50.6,53.0,52.2,58.0,fc58816
f1669475,2026-05-28T19:12:19.215673,both,gos_in_50s,av1,CPU,AV1 CPU,libsvtav1 · 1500 kbps ABR · 1080p · 24 cores,True,7.3,7.6,,,,,,,63.49,112.06,48.57,7.4,0.0998,7,🟡,Early insight,0.9989,ci,0.00325348,32.6,91.5,59.7,61.5,43.0,43.0,3.0,3.0,fc58816
f1669475,2026-05-28T19:12:19.215673,both,gos_in_50s,av1,GPU,AV1 GPU,av1_vaapi · 1500 kbps ABR · 1080p · full pipeline,True,2.4,9.16,,,,,,,63.81,86.67,22.86,2.5,0.0159,3,🔴,Need more data,0.8463,ci,0.00051834,32.6,89.7,57.6,57.9,46.0,48.0,29.3,43.0,fc58816
0d648007,2026-05-29T05:14:41.287297,all_codecs,bbb_120s,h264,CPU,H.264 CPU,libx264 · 4000 kbps ABR · 1080p · 24 cores,True,31.9,56.92,3839.3,High,1920,1080,120.0,2,102.57,136.69,34.12,32.0,0.3033,28,🟡,Early insight,0.9447,ci,0.0069759,23.0,91.73,67.1,68.8,36.7,39.0,4.1,20.0,88a2696
0d648007,2026-05-29T05:14:41.287297,all_codecs,bbb_120s,h264,GPU,H.264 GPU,h264_vaapi · 4000 kbps ABR · 1080p · full pipeline,True,17.7,56.59,3816.3,High,1920,1080,120.0,1,58.35,134.34,75.99,17.8,0.3757,17,🟢,Repeatable,1.0,ci,0.0086411,23.0,88.04,60.8,61.1,44.5,46.0,51.8,57.0,88a2696
0d648007,2026-05-29T05:14:41.287297,all_codecs,bbb_120s,h265,CPU,H.265 CPU,libx265 · 2000 kbps ABR · 1080p · 24 cores,True,59.4,29.66,1931.9,Main,1920,1080,120.0,2,57.66,137.74,80.08,59.5,1.3235,53,🟢,Repeatable,1.0,ci,0.0304405,23.0,89.42,67.4,70.2,38.3,40.0,3.8,14.0,88a2696
0d648007,2026-05-29T05:14:41.287297,all_codecs,bbb_120s,h265,GPU,H.265 GPU,hevc_vaapi · 2000 kbps ABR · 1080p · full pipeline,True,14.0,31.3,2049.9,Main,1920,1080,120.0,0,59.52,130.99,71.47,14.1,0.2799,13,🟢,Repeatable,1.0,ci,0.0064377,23.0,84.41,59.8,59.9,44.9,46.0,51.1,57.0,88a2696
0d648007,2026-05-29T05:14:41.287297,all_codecs,bbb_120s,av1,CPU,AV1 CPU,libsvtav1 · 1500 kbps ABR · 1080p · 24 cores,True,39.1,23.16,1480.6,Main,1920,1080,120.0,0,61.72,134.56,72.84,39.2,0.7931,35,🟢,Repeatable,1.0,ci,0.0182413,23.0,90.72,68.5,75.2,38.7,40.0,3.5,14.0,88a2696
0d648007,2026-05-29T05:14:41.287297,all_codecs,bbb_120s,av1,GPU,AV1 GPU,av1_vaapi · 1500 kbps ABR · 1080p · full pipeline,True,14.0,23.53,1506.8,Main,1920,1080,120.0,0,62.71,133.0,70.29,14.1,0.2753,13,🟢,Repeatable,1.0,ci,0.0063319,23.0,81.48,58.7,58.9,45.5,47.0,53.0,59.0,88a2696
25ec1757,2026-05-29T04:03:54.910342,all_codecs,meridian_120s,h264,CPU,H.264 CPU,libx264 · 4000 kbps ABR · 1080p · 24 cores,True,36.9,57.07,3983.8,High,1920,1080,120.0,2,98.16,137.77,39.61,37.0,0.4071,34,🟢,Repeatable,0.959,ci,0.01013679,24.9,93.98,67.0,70.2,37.2,39.0,4.7,20.0,88a2696
25ec1757,2026-05-29T04:03:54.910342,all_codecs,meridian_120s,h264,GPU,H.264 GPU,h264_vaapi · 4000 kbps ABR · 1080p · full pipeline,True,19.4,54.45,3800.8,High,1920,1080,120.0,1,65.04,129.32,64.28,19.5,0.3482,18,🟢,Repeatable,1.0,ci,0.00867018,24.9,92.11,61.2,61.9,44.0,46.0,48.2,55.0,88a2696
25ec1757,2026-05-29T04:03:54.910342,all_codecs,meridian_120s,h265,CPU,H.265 CPU,libx265 · 2000 kbps ABR · 1080p · 24 cores,True,59.8,28.61,1992.9,Main,1920,1080,120.0,2,59.56,137.0,77.44,59.9,1.2885,55,🟢,Repeatable,1.0,ci,0.03208365,24.9,93.94,66.6,68.6,38.5,41.0,3.9,19.0,88a2696
25ec1757,2026-05-29T04:03:54.910342,all_codecs,meridian_120s,h265,GPU,H.265 GPU,hevc_vaapi · 2000 kbps ABR · 1080p · full pipeline,True,16.6,28.39,1982.2,Main,1920,1080,120.0,0,64.9,129.59,64.69,16.7,0.3001,16,🟢,Repeatable,1.0,ci,0.00747249,24.9,92.0,61.6,64.4,44.6,47.0,47.1,54.0,88a2696
25ec1757,2026-05-29T04:03:54.910342,all_codecs,meridian_120s,av1,CPU,AV1 CPU,libsvtav1 · 1500 kbps ABR · 1080p · 24 cores,True,30.8,14.3,996.7,Main,1920,1080,120.0,0,61.8,133.61,71.81,30.9,0.6164,28,🟢,Repeatable,1.0,ci,0.01534836,24.9,92.39,63.6,64.8,39.2,40.0,4.1,14.0,88a2696
25ec1757,2026-05-29T04:03:54.910342,all_codecs,meridian_120s,av1,GPU,AV1 GPU,av1_vaapi · 1500 kbps ABR · 1080p · full pipeline,True,16.5,20.34,1419.3,Main,1920,1080,120.0,0,58.7,130.97,72.27,16.6,0.3332,15,🟢,Repeatable,1.0,ci,0.00829668,24.9,90.79,59.2,59.6,45.1,47.0,47.4,55.0,88a2696
261036bf,2026-05-29T05:23:23.083872,all_codecs,bbb_120s,h264,CPU,H.264 CPU,libx264 · 4000 kbps ABR · 1080p · 24 cores,True,31.8,56.92,3839.3,High,1920,1080,120.0,2,96.45,136.32,39.87,31.9,0.3533,29,🟢,Repeatable,0.9596,ci,0.00826722,23.4,91.73,67.2,69.0,36.0,37.0,3.3,10.0,88a2696
261036bf,2026-05-29T05:23:23.083872,all_codecs,bbb_120s,h264,GPU,H.264 GPU,h264_vaapi · 4000 kbps ABR · 1080p · full pipeline,True,17.7,56.59,3816.3,High,1920,1080,120.0,1,61.52,132.61,71.09,17.7,0.3495,16,🟢,Repeatable,1.0,ci,0.0081783,23.4,88.04,60.8,61.0,43.8,46.0,51.6,56.0,88a2696
261036bf,2026-05-29T05:23:23.083872,all_codecs,bbb_120s,h265,CPU,H.265 CPU,libx265 · 2000 kbps ABR · 1080p · 24 cores,True,59.3,29.66,1931.9,Main,1920,1080,120.0,2,58.86,138.28,79.42,59.4,1.3104,53,🟢,Repeatable,1.0,ci,0.03066336,23.4,89.42,67.3,70.2,37.8,39.0,4.3,14.0,88a2696
261036bf,2026-05-29T05:23:23.083872,all_codecs,bbb_120s,h265,GPU,H.265 GPU,hevc_vaapi · 2000 kbps ABR · 1080p · full pipeline,True,14.0,31.3,2049.9,Main,1920,1080,120.0,0,57.5,133.03,75.53,14.1,0.2958,13,🟢,Repeatable,1.0,ci,0.00692172,23.4,84.41,59.7,59.9,44.5,46.0,51.5,57.0,88a2696
261036bf,2026-05-29T05:23:23.083872,all_codecs,bbb_120s,av1,CPU,AV1 CPU,libsvtav1 · 1500 kbps ABR · 1080p · 24 cores,True,39.2,23.16,1480.5,Main,1920,1080,120.0,0,58.32,136.03,77.71,39.3,0.8483,35,🟢,Repeatable,1.0,ci,0.01985022,23.4,90.8,68.4,75.2,38.3,40.0,3.5,13.0,88a2696
261036bf,2026-05-29T05:23:23.083872,all_codecs,bbb_120s,av1,GPU,AV1 GPU,av1_vaapi · 1500 kbps ABR · 1080p · full pipeline,True,14.0,23.52,1506.0,Main,1920,1080,120.0,0,58.53,127.31,68.78,14.1,0.2694,13,🟢,Repeatable,1.0,ci,0.00630396,23.4,81.47,58.5,58.6,45.1,46.0,51.9,59.0,88a2696
3327cadf,2026-05-29T04:21:24.056920,all_codecs,meridian_120s,h264,CPU,H.264 CPU,libx264 · 4000 kbps ABR · 1080p · 24 cores,True,36.7,57.07,3983.8,High,1920,1080,120.0,2,94.76,138.14,43.38,36.8,0.4434,33,🟢,Repeatable,0.9695,ci,0.0181794,41,93.98,67.1,70.9,36.8,39.0,4.7,18.0,88a2696
3327cadf,2026-05-29T04:21:24.056920,all_codecs,meridian_120s,h264,GPU,H.264 GPU,h264_vaapi · 4000 kbps ABR · 1080p · full pipeline,True,19.4,54.45,3800.8,High,1920,1080,120.0,1,61.02,130.73,69.71,19.5,0.3776,18,🟢,Repeatable,1.0,ci,0.0154816,41,92.11,61.3,62.0,43.9,46.0,48.4,55.0,88a2696
3327cadf,2026-05-29T04:21:24.056920,all_codecs,meridian_120s,h265,CPU,H.265 CPU,libx265 · 2000 kbps ABR · 1080p · 24 cores,True,59.9,28.61,1992.9,Main,1920,1080,120.0,2,60.55,137.0,76.45,60.0,1.2742,55,🟢,Repeatable,1.0,ci,0.0522422,41,93.94,66.6,69.6,38.3,40.0,4.1,14.0,88a2696
3327cadf,2026-05-29T04:21:24.056920,all_codecs,meridian_120s,h265,GPU,H.265 GPU,hevc_vaapi · 2000 kbps ABR · 1080p · full pipeline,True,16.6,28.39,1982.2,Main,1920,1080,120.0,0,68.17,128.39,60.22,16.7,0.2794,16,🟢,Repeatable,1.0,ci,0.0114554,41,92.0,60.0,60.4,44.2,46.0,46.4,54.0,88a2696
3327cadf,2026-05-29T04:21:24.056920,all_codecs,meridian_120s,av1,CPU,AV1 CPU,libsvtav1 · 1500 kbps ABR · 1080p · 24 cores,True,30.8,14.19,989.4,Main,1920,1080,120.0,0,62.03,132.61,70.58,30.9,0.6058,28,🟢,Repeatable,1.0,ci,0.0248378,41,92.44,63.4,64.8,38.9,39.0,3.0,3.0,88a2696
3327cadf,2026-05-29T04:21:24.056920,all_codecs,meridian_120s,av1,GPU,AV1 GPU,av1_vaapi · 1500 kbps ABR · 1080p · full pipeline,True,16.6,20.34,1419.2,Main,1920,1080,120.0,0,59.35,127.71,68.36,16.7,0.3171,15,🟢,Repeatable,1.0,ci,0.0130011,41,90.81,59.2,59.6,44.8,47.0,47.3,55.0,88a2696
457f84c4,2026-05-29T04:12:38.825740,all_codecs,meridian_120s,h264,CPU,H.264 CPU,libx264 · 4000 kbps ABR · 1080p · 24 cores,True,36.6,57.07,3983.8,High,1920,1080,120.0,2,95.52,138.8,43.28,36.7,0.4412,33,🟢,Repeatable,0.9678,ci,0.01098588,24.9,93.98,66.9,70.1,36.9,39.0,5.0,20.0,88a2696
457f84c4,2026-05-29T04:12:38.825740,all_codecs,meridian_120s,h264,GPU,H.264 GPU,h264_vaapi · 4000 kbps ABR · 1080p · full pipeline,True,19.4,54.45,3800.8,High,1920,1080,120.0,1,59.92,130.9,70.98,19.5,0.3845,18,🟢,Repeatable,1.0,ci,0.00957405,24.9,92.11,61.3,62.0,43.9,46.0,48.6,55.0,88a2696
457f84c4,2026-05-29T04:12:38.825740,all_codecs,meridian_120s,h265,CPU,H.265 CPU,libx265 · 2000 kbps ABR · 1080p · 24 cores,True,59.7,28.61,1992.9,Main,1920,1080,120.0,2,58.72,137.96,79.24,59.8,1.3163,53,🟢,Repeatable,1.0,ci,0.03277587,24.9,93.94,66.6,68.0,38.4,40.0,4.2,20.0,88a2696
457f84c4,2026-05-29T04:12:38.825740,all_codecs,meridian_120s,h265,GPU,H.265 GPU,hevc_vaapi · 2000 kbps ABR · 1080p · full pipeline,True,16.6,28.39,1982.2,Main,1920,1080,120.0,0,65.85,129.94,64.09,16.7,0.2973,16,🟢,Repeatable,1.0,ci,0.00740277,24.9,92.0,60.3,60.8,44.2,46.0,46.8,54.0,88a2696
457f84c4,2026-05-29T04:12:38.825740,all_codecs,meridian_120s,av1,CPU,AV1 CPU,libsvtav1 · 1500 kbps ABR · 1080p · 24 cores,True,31.1,14.31,997.4,Main,1920,1080,120.0,0,61.18,133.24,72.06,31.2,0.6245,28,🟢,Repeatable,1.0,ci,0.01555005,24.9,92.47,63.4,64.8,38.9,41.0,3.4,14.0,88a2696
457f84c4,2026-05-29T04:12:38.825740,all_codecs,meridian_120s,av1,GPU,AV1 GPU,av1_vaapi · 1500 kbps ABR · 1080p · full pipeline,True,16.4,20.34,1419.2,Main,1920,1080,120.0,0,63.33,129.4,66.07,16.5,0.3028,16,🟢,Repeatable,1.0,ci,0.00753972,24.9,90.81,59.8,61.0,45.1,47.0,47.7,55.0,88a2696
49fd9f3c,2026-05-29T03:55:10.125992,all_codecs,meridian_120s,h264,CPU,H.264 CPU,libx264 · 4000 kbps ABR · 1080p · 24 cores,True,37.0,57.07,3983.8,High,1920,1080,120.0,2,95.86,138.08,42.22,37.1,0.4351,34,🟢,Repeatable,0.9857,ci,0.01083399,24.9,93.98,66.9,69.8,37.1,39.0,4.5,20.0,88a2696
49fd9f3c,2026-05-29T03:55:10.125992,all_codecs,meridian_120s,h264,GPU,H.264 GPU,h264_vaapi · 4000 kbps ABR · 1080p · full pipeline,True,19.5,54.45,3800.8,High,1920,1080,120.0,1,64.47,134.06,69.59,19.7,0.3808,18,🟢,Repeatable,1.0,ci,0.00948192,24.9,92.11,61.4,62.2,43.9,46.0,47.8,55.0,88a2696
49fd9f3c,2026-05-29T03:55:10.125992,all_codecs,meridian_120s,h265,CPU,H.265 CPU,libx265 · 2000 kbps ABR · 1080p · 24 cores,True,59.5,28.61,1992.9,Main,1920,1080,120.0,2,59.47,138.03,78.56,59.6,1.3006,54,🟢,Repeatable,1.0,ci,0.03238494,24.9,93.94,66.7,68.4,38.5,40.0,4.1,14.0,88a2696
49fd9f3c,2026-05-29T03:55:10.125992,all_codecs,meridian_120s,h265,GPU,H.265 GPU,hevc_vaapi · 2000 kbps ABR · 1080p · full pipeline,True,16.6,28.39,1982.2,Main,1920,1080,120.0,0,58.98,134.84,75.86,16.7,0.3519,16,🟢,Repeatable,1.0,ci,0.00876231,24.9,92.0,61.4,63.5,44.6,47.0,47.8,54.0,88a2696
49fd9f3c,2026-05-29T03:55:10.125992,all_codecs,meridian_120s,av1,CPU,AV1 CPU,libsvtav1 · 1500 kbps ABR · 1080p · 24 cores,True,31.4,14.25,993.5,Main,1920,1080,120.0,0,62.85,134.33,71.48,31.5,0.6255,29,🟢,Repeatable,1.0,ci,0.01557495,24.9,92.39,63.6,65.1,39.1,40.0,3.6,12.0,88a2696
49fd9f3c,2026-05-29T03:55:10.125992,all_codecs,meridian_120s,av1,GPU,AV1 GPU,av1_vaapi · 1500 kbps ABR · 1080p · full pipeline,True,16.5,20.34,1419.1,Main,1920,1080,120.0,0,59.18,128.0,68.82,16.7,0.3192,15,🟢,Repeatable,1.0,ci,0.00794808,24.9,90.8,59.4,59.9,44.9,47.0,47.1,55.0,88a2696
4afecb34,2026-05-29T05:05:59.208725,all_codecs,bbb_120s,h264,CPU,H.264 CPU,libx264 · 4000 kbps ABR · 1080p · 24 cores,True,32.4,56.92,3839.3,High,1920,1080,120.0,2,101.77,138.97,37.2,32.5,0.3358,30,🟡,Early insight,0.9493,ci,0.0077234,23.0,91.73,67.0,69.0,36.3,39.0,4.6,20.0,88a2696
4afecb34,2026-05-29T05:05:59.208725,all_codecs,bbb_120s,h264,GPU,H.264 GPU,h264_vaapi · 4000 kbps ABR · 1080p · full pipeline,True,19.4,56.59,3816.3,High,1920,1080,120.0,1,60.38,133.09,72.71,19.6,0.3959,18,🟢,Repeatable,1.0,ci,0.0091057,23.0,88.04,61.4,62.6,43.8,46.0,49.5,57.0,88a2696
4afecb34,2026-05-29T05:05:59.208725,all_codecs,bbb_120s,h265,CPU,H.265 CPU,libx265 · 2000 kbps ABR · 1080p · 24 cores,True,59.3,29.66,1931.9,Main,1920,1080,120.0,2,64.64,138.36,73.72,59.4,1.2164,55,🟢,Repeatable,1.0,ci,0.0279772,23.0,89.42,67.1,70.4,38.3,40.0,3.4,14.0,88a2696
4afecb34,2026-05-29T05:05:59.208725,all_codecs,bbb_120s,h265,GPU,H.265 GPU,hevc_vaapi · 2000 kbps ABR · 1080p · full pipeline,True,16.1,31.3,2049.9,Main,1920,1080,120.0,0,63.23,135.45,72.22,16.2,0.325,15,🟢,Repeatable,1.0,ci,0.007475,23.0,84.41,61.3,63.1,44.1,46.0,46.5,57.0,88a2696
4afecb34,2026-05-29T05:05:59.208725,all_codecs,bbb_120s,av1,CPU,AV1 CPU,libsvtav1 · 1500 kbps ABR · 1080p · 24 cores,True,89.1,23.16,1480.7,Main,1920,1080,120.0,0,59.24,145.37,86.13,89.2,2.1341,37,🟢,Repeatable,1.0,ci,0.0490843,23.0,90.74,70.4,78.2,38.2,40.0,5.5,21.0,88a2696
4afecb34,2026-05-29T05:05:59.208725,all_codecs,bbb_120s,av1,GPU,AV1 GPU,av1_vaapi · 1500 kbps ABR · 1080p · full pipeline,True,14.0,23.53,1507.0,Main,1920,1080,120.0,0,63.03,131.53,68.5,14.2,0.2702,13,🟢,Repeatable,1.0,ci,0.0062146,23.0,81.49,59.4,59.5,44.9,46.0,52.3,59.0,88a2696
53533583,2026-05-29T05:40:48.515074,all_codecs,bbb_120s,h264,CPU,H.264 CPU,libx264 · 4000 kbps ABR · 1080p · 24 cores,True,31.8,56.92,3839.3,High,1920,1080,120.0,2,92.3,136.15,43.85,31.9,0.3886,29,🟢,Repeatable,0.9879,ci,0.0091321,23.5,91.73,67.2,69.0,36.1,37.0,3.8,11.0,88a2696
53533583,2026-05-29T05:40:48.515074,all_codecs,bbb_120s,h264,GPU,H.264 GPU,h264_vaapi · 4000 kbps ABR · 1080p · full pipeline,True,17.7,56.59,3816.3,High,1920,1080,120.0,1,63.34,131.54,68.2,17.8,0.3372,16,🟢,Repeatable,1.0,ci,0.0079242,23.5,88.04,60.7,61.0,43.7,46.0,51.8,56.0,88a2696
53533583,2026-05-29T05:40:48.515074,all_codecs,bbb_120s,h265,CPU,H.265 CPU,libx265 · 2000 kbps ABR · 1080p · 24 cores,True,59.2,29.66,1931.9,Main,1920,1080,120.0,2,57.57,137.29,79.72,59.3,1.3132,54,🟢,Repeatable,1.0,ci,0.0308602,23.5,89.42,67.3,70.5,37.8,40.0,4.2,14.0,88a2696
53533583,2026-05-29T05:40:48.515074,all_codecs,bbb_120s,h265,GPU,H.265 GPU,hevc_vaapi · 2000 kbps ABR · 1080p · full pipeline,True,14.0,31.3,2049.9,Main,1920,1080,120.0,0,58.73,130.2,71.47,14.1,0.2799,13,🟢,Repeatable,1.0,ci,0.00657765,23.5,84.41,59.6,59.8,44.4,46.0,51.1,57.0,88a2696
53533583,2026-05-29T05:40:48.515074,all_codecs,bbb_120s,av1,CPU,AV1 CPU,libsvtav1 · 1500 kbps ABR · 1080p · 24 cores,True,39.1,23.16,1480.3,Main,1920,1080,120.0,0,57.65,135.27,77.62,39.1,0.843,35,🟢,Repeatable,1.0,ci,0.0198105,23.5,90.73,68.4,76.2,38.4,40.0,3.7,11.0,88a2696
53533583,2026-05-29T05:40:48.515074,all_codecs,bbb_120s,av1,GPU,AV1 GPU,av1_vaapi · 1500 kbps ABR · 1080p · full pipeline,True,14.0,23.5,1504.8,Main,1920,1080,120.0,0,58.43,132.53,74.1,14.1,0.2902,13,🟢,Repeatable,1.0,ci,0.0068197,23.5,81.48,58.5,58.6,45.1,46.0,52.0,59.0,88a2696
840e19f7,2026-05-29T03:37:39.527529,all_codecs,meridian_120s,h264,CPU,H.264 CPU,libx264 · 4000 kbps ABR · 1080p · 24 cores,True,37.0,57.07,3983.8,High,1920,1080,120.0,2,87.33,137.36,50.03,37.2,0.517,34,🟢,Repeatable,0.9958,ci,0.0128733,24.9,93.98,61.9,63.1,46.4,48.0,3.7,13.0,88a2696
840e19f7,2026-05-29T03:37:39.527529,all_codecs,meridian_120s,h264,GPU,H.264 GPU,h264_vaapi · 4000 kbps ABR · 1080p · full pipeline,True,19.3,54.45,3800.8,High,1920,1080,120.0,1,59.01,137.5,78.49,19.4,0.423,17,🟢,Repeatable,1.0,ci,0.0105327,24.9,92.11,59.0,60.1,51.2,53.0,49.7,57.0,88a2696
840e19f7,2026-05-29T03:37:39.527529,all_codecs,meridian_120s,h265,CPU,H.265 CPU,libx265 · 2000 kbps ABR · 1080p · 24 cores,True,59.5,28.61,1992.9,Main,1920,1080,120.0,2,61.25,139.38,78.13,59.6,1.2935,55,🟢,Repeatable,1.0,ci,0.03220815,24.9,93.94,64.9,66.8,43.7,45.0,3.6,14.0,88a2696
840e19f7,2026-05-29T03:37:39.527529,all_codecs,meridian_120s,h265,GPU,H.265 GPU,hevc_vaapi · 2000 kbps ABR · 1080p · full pipeline,True,16.9,28.39,1982.2,Main,1920,1080,120.0,0,60.74,131.55,70.81,17.0,0.3344,16,🟢,Repeatable,1.0,ci,0.00832656,24.9,92.0,59.8,60.9,48.1,50.0,46.3,55.0,88a2696
840e19f7,2026-05-29T03:37:39.527529,all_codecs,meridian_120s,av1,CPU,AV1 CPU,libsvtav1 · 1500 kbps ABR · 1080p · 24 cores,True,31.5,14.75,1028.2,Main,1920,1080,120.0,0,59.48,135.94,76.46,31.6,0.6711,29,🟢,Repeatable,1.0,ci,0.01671039,24.9,92.45,63.0,64.2,42.3,44.0,3.8,14.0,88a2696
840e19f7,2026-05-29T03:37:39.527529,all_codecs,meridian_120s,av1,GPU,AV1 GPU,av1_vaapi · 1500 kbps ABR · 1080p · full pipeline,True,16.5,20.34,1419.3,Main,1920,1080,120.0,0,64.93,130.18,65.25,16.7,0.3027,16,🟢,Repeatable,1.0,ci,0.00753723,24.9,90.81,59.4,60.6,47.7,50.0,48.6,56.0,88a2696
84d9fde2,2026-05-29T05:49:31.562543,all_codecs,bbb_120s,h264,CPU,H.264 CPU,libx264 · 4000 kbps ABR · 1080p · 24 cores,True,31.8,56.92,3839.3,High,1920,1080,120.0,2,86.07,137.7,51.63,31.9,0.4575,29,🟢,Repeatable,0.9969,ci,0.0107055,23.4,91.73,67.0,69.1,36.1,38.0,3.9,13.0,88a2696
84d9fde2,2026-05-29T05:49:31.562543,all_codecs,bbb_120s,h264,GPU,H.264 GPU,h264_vaapi · 4000 kbps ABR · 1080p · full pipeline,True,17.7,56.59,3816.3,High,1920,1080,120.0,1,65.22,134.02,68.8,17.8,0.3402,16,🟢,Repeatable,1.0,ci,0.00796068,23.4,88.04,60.7,61.0,44.0,46.0,52.0,57.0,88a2696
84d9fde2,2026-05-29T05:49:31.562543,all_codecs,bbb_120s,h265,CPU,H.265 CPU,libx265 · 2000 kbps ABR · 1080p · 24 cores,True,59.3,29.66,1931.9,Main,1920,1080,120.0,2,58.25,137.14,78.89,59.4,1.3017,54,🟢,Repeatable,1.0,ci,0.03045978,23.4,89.42,67.2,70.1,38.0,40.0,4.3,14.0,88a2696
84d9fde2,2026-05-29T05:49:31.562543,all_codecs,bbb_120s,h265,GPU,H.265 GPU,hevc_vaapi · 2000 kbps ABR · 1080p · full pipeline,True,14.0,31.3,2049.9,Main,1920,1080,120.0,0,59.09,132.95,73.86,14.1,0.2893,13,🟢,Repeatable,1.0,ci,0.00676962,23.4,84.41,59.6,59.8,44.7,46.0,51.8,57.0,88a2696
84d9fde2,2026-05-29T05:49:31.562543,all_codecs,bbb_120s,av1,CPU,AV1 CPU,libsvtav1 · 1500 kbps ABR · 1080p · 24 cores,True,39.0,23.16,1480.5,Main,1920,1080,120.0,0,59.74,135.89,76.15,39.1,0.8271,35,🟢,Repeatable,1.0,ci,0.01935414,23.4,90.75,68.1,74.8,38.5,39.0,3.0,3.0,88a2696
84d9fde2,2026-05-29T05:49:31.562543,all_codecs,bbb_120s,av1,GPU,AV1 GPU,av1_vaapi · 1500 kbps ABR · 1080p · full pipeline,True,14.0,23.5,1504.8,Main,1920,1080,120.0,0,57.81,129.44,71.63,14.1,0.2806,13,🟢,Repeatable,1.0,ci,0.00656604,23.4,81.48,58.6,58.8,45.2,47.0,52.2,59.0,88a2696
8cda7603,2026-05-29T05:32:04.746814,all_codecs,bbb_120s,h264,CPU,H.264 CPU,libx264 · 4000 kbps ABR · 1080p · 24 cores,True,31.9,56.92,3839.3,High,1920,1080,120.0,2,95.04,135.57,40.53,31.9,0.3591,29,🟢,Repeatable,0.9585,ci,0.0147231,41,91.73,67.1,69.1,36.1,37.0,4.0,14.0,88a2696
8cda7603,2026-05-29T05:32:04.746814,all_codecs,bbb_120s,h264,GPU,H.264 GPU,h264_vaapi · 4000 kbps ABR · 1080p · full pipeline,True,17.7,56.59,3816.3,High,1920,1080,120.0,1,60.2,132.65,72.45,17.7,0.3562,16,🟢,Repeatable,1.0,ci,0.0146042,41,88.04,60.9,61.2,43.8,46.0,51.5,56.0,88a2696
8cda7603,2026-05-29T05:32:04.746814,all_codecs,bbb_120s,h265,CPU,H.265 CPU,libx265 · 2000 kbps ABR · 1080p · 24 cores,True,59.3,29.66,1931.9,Main,1920,1080,120.0,2,58.74,137.82,79.08,59.3,1.3026,54,🟢,Repeatable,1.0,ci,0.0534066,41,89.42,67.5,70.4,37.7,39.0,3.6,12.0,88a2696
8cda7603,2026-05-29T05:32:04.746814,all_codecs,bbb_120s,h265,GPU,H.265 GPU,hevc_vaapi · 2000 kbps ABR · 1080p · full pipeline,True,14.0,31.3,2049.9,Main,1920,1080,120.0,0,63.94,128.58,64.64,14.1,0.2532,13,🟢,Repeatable,1.0,ci,0.0103812,41,84.41,59.6,59.8,44.4,46.0,50.7,57.0,88a2696
8cda7603,2026-05-29T05:32:04.746814,all_codecs,bbb_120s,av1,CPU,AV1 CPU,libsvtav1 · 1500 kbps ABR · 1080p · 24 cores,True,38.9,23.16,1480.4,Main,1920,1080,120.0,0,59.23,135.24,76.01,39.0,0.8234,35,🟢,Repeatable,1.0,ci,0.0337594,41,90.74,68.5,75.1,38.5,41.0,4.6,20.0,88a2696
8cda7603,2026-05-29T05:32:04.746814,all_codecs,bbb_120s,av1,GPU,AV1 GPU,av1_vaapi · 1500 kbps ABR · 1080p · full pipeline,True,14.0,23.51,1505.7,Main,1920,1080,120.0,0,57.43,133.06,75.63,14.1,0.2962,13,🟢,Repeatable,1.0,ci,0.0121442,41,81.5,58.5,58.6,45.1,46.0,51.9,59.0,88a2696
927561fc,2026-05-29T06:06:56.551182,all_codecs,bbb_120s,h264,CPU,H.264 CPU,libx264 · 4000 kbps ABR · 1080p · 24 cores,True,31.9,56.92,3839.3,High,1920,1080,120.0,2,98.31,136.28,37.97,32.0,0.3375,29,🟢,Repeatable,0.9697,ci,0.007965,23.6,91.73,67.2,69.5,36.1,38.0,3.4,12.0,88a2696
927561fc,2026-05-29T06:06:56.551182,all_codecs,bbb_120s,h264,GPU,H.264 GPU,h264_vaapi · 4000 kbps ABR · 1080p · full pipeline,True,17.7,56.59,3816.3,High,1920,1080,120.0,1,66.39,132.61,66.22,17.8,0.3274,17,🟢,Repeatable,1.0,ci,0.00772664,23.6,88.04,60.8,61.1,44.1,46.0,51.7,57.0,88a2696
927561fc,2026-05-29T06:06:56.551182,all_codecs,bbb_120s,h265,CPU,H.265 CPU,libx265 · 2000 kbps ABR · 1080p · 24 cores,True,59.3,29.66,1931.9,Main,1920,1080,120.0,2,58.19,137.27,79.08,59.4,1.3048,54,🟢,Repeatable,1.0,ci,0.03079328,23.6,89.42,67.3,70.0,37.8,40.0,3.9,20.0,88a2696
927561fc,2026-05-29T06:06:56.551182,all_codecs,bbb_120s,h265,GPU,H.265 GPU,hevc_vaapi · 2000 kbps ABR · 1080p · full pipeline,True,14.0,31.3,2049.9,Main,1920,1080,120.0,0,59.57,131.85,72.28,14.1,0.2831,13,🟢,Repeatable,1.0,ci,0.00668116,23.6,84.41,59.5,59.6,44.5,46.0,51.2,58.0,88a2696
927561fc,2026-05-29T06:06:56.551182,all_codecs,bbb_120s,av1,CPU,AV1 CPU,libsvtav1 · 1500 kbps ABR · 1080p · 24 cores,True,39.0,23.16,1480.5,Main,1920,1080,120.0,0,58.26,135.77,77.51,39.1,0.8418,35,🟢,Repeatable,1.0,ci,0.01986648,23.6,90.7,68.3,75.5,38.4,40.0,3.9,14.0,88a2696
927561fc,2026-05-29T06:06:56.551182,all_codecs,bbb_120s,av1,GPU,AV1 GPU,av1_vaapi · 1500 kbps ABR · 1080p · full pipeline,True,14.0,23.54,1507.7,Main,1920,1080,120.0,0,58.18,133.23,75.05,14.1,0.2939,13,🟢,Repeatable,1.0,ci,0.00693604,23.6,81.51,58.4,58.5,45.0,46.0,51.9,59.0,88a2696
a57cf59d,2026-05-29T06:15:40.828131,all_codecs,bbb_120s,h264,CPU,H.264 CPU,libx264 · 4000 kbps ABR · 1080p · 24 cores,True,31.8,56.92,3839.3,High,1920,1080,120.0,2,97.67,138.45,40.78,31.9,0.3614,29,🟢,Repeatable,0.9644,ci,0.0148174,41,91.73,67.0,68.8,36.1,37.0,3.4,8.0,88a2696
a57cf59d,2026-05-29T06:15:40.828131,all_codecs,bbb_120s,h264,GPU,H.264 GPU,h264_vaapi · 4000 kbps ABR · 1080p · full pipeline,True,17.7,56.59,3816.3,High,1920,1080,120.0,1,65.34,134.82,69.48,17.7,0.3416,17,🟢,Repeatable,1.0,ci,0.0140056,41,88.04,60.7,61.0,44.0,46.0,51.9,56.0,88a2696
a57cf59d,2026-05-29T06:15:40.828131,all_codecs,bbb_120s,h265,CPU,H.265 CPU,libx265 · 2000 kbps ABR · 1080p · 24 cores,True,59.3,29.66,1931.9,Main,1920,1080,120.0,2,58.7,138.16,79.46,59.3,1.3089,52,🟢,Repeatable,1.0,ci,0.0536649,41,89.42,67.3,70.2,37.6,39.0,3.3,9.0,88a2696
a57cf59d,2026-05-29T06:15:40.828131,all_codecs,bbb_120s,h265,GPU,H.265 GPU,hevc_vaapi · 2000 kbps ABR · 1080p · full pipeline,True,14.1,31.3,2049.9,Main,1920,1080,120.0,0,58.59,132.0,73.41,14.1,0.2875,13,🟢,Repeatable,1.0,ci,0.0117875,41,84.41,59.5,59.6,44.4,46.0,51.4,57.0,88a2696
a57cf59d,2026-05-29T06:15:40.828131,all_codecs,bbb_120s,av1,CPU,AV1 CPU,libsvtav1 · 1500 kbps ABR · 1080p · 24 cores,True,39.0,23.16,1480.9,Main,1920,1080,120.0,0,58.37,134.56,76.19,39.0,0.8254,34,🟢,Repeatable,1.0,ci,0.0338414,41,90.74,68.4,76.4,38.4,41.0,3.9,18.0,88a2696
a57cf59d,2026-05-29T06:15:40.828131,all_codecs,bbb_120s,av1,GPU,AV1 GPU,av1_vaapi · 1500 kbps ABR · 1080p · full pipeline,True,14.0,23.54,1507.6,Main,1920,1080,120.0,0,58.23,133.18,74.95,14.1,0.2936,13,🟢,Repeatable,1.0,ci,0.0120376,41,81.49,58.5,58.6,45.1,46.0,52.3,59.0,88a2696
a98f78c6,2026-05-29T05:58:13.404435,all_codecs,bbb_120s,h264,CPU,H.264 CPU,libx264 · 4000 kbps ABR · 1080p · 24 cores,True,31.9,56.92,3839.3,High,1920,1080,120.0,2,94.34,139.19,44.85,31.9,0.3974,29,🟢,Repeatable,0.9752,ci,0.00929916,23.4,91.73,67.1,69.1,36.3,38.0,5.4,20.0,88a2696
a98f78c6,2026-05-29T05:58:13.404435,all_codecs,bbb_120s,h264,GPU,H.264 GPU,h264_vaapi · 4000 kbps ABR · 1080p · full pipeline,True,17.7,56.59,3816.3,High,1920,1080,120.0,1,61.78,133.88,72.1,17.8,0.3565,16,🟢,Repeatable,1.0,ci,0.0083421,23.4,88.04,60.8,61.1,43.9,46.0,52.0,57.0,88a2696
a98f78c6,2026-05-29T05:58:13.404435,all_codecs,bbb_120s,h265,CPU,H.265 CPU,libx265 · 2000 kbps ABR · 1080p · 24 cores,True,59.4,29.66,1931.9,Main,1920,1080,120.0,2,58.16,137.18,79.02,59.5,1.306,53,🟢,Repeatable,1.0,ci,0.0305604,23.4,89.42,67.3,70.5,37.8,39.0,3.6,10.0,88a2696
a98f78c6,2026-05-29T05:58:13.404435,all_codecs,bbb_120s,h265,GPU,H.265 GPU,hevc_vaapi · 2000 kbps ABR · 1080p · full pipeline,True,14.1,31.3,2049.9,Main,1920,1080,120.0,0,58.49,134.78,76.29,14.1,0.2988,12,🟢,Repeatable,1.0,ci,0.00699192,23.4,84.41,59.6,59.8,45.1,46.0,55.2,58.0,88a2696
a98f78c6,2026-05-29T05:58:13.404435,all_codecs,bbb_120s,av1,CPU,AV1 CPU,libsvtav1 · 1500 kbps ABR · 1080p · 24 cores,True,39.1,23.16,1480.3,Main,1920,1080,120.0,0,58.27,136.85,78.58,39.2,0.8556,34,🟢,Repeatable,1.0,ci,0.02002104,23.4,90.73,68.6,76.4,38.4,40.0,4.0,14.0,88a2696
a98f78c6,2026-05-29T05:58:13.404435,all_codecs,bbb_120s,av1,GPU,AV1 GPU,av1_vaapi · 1500 kbps ABR · 1080p · full pipeline,True,14.0,23.54,1507.7,Main,1920,1080,120.0,0,59.41,130.39,70.98,14.1,0.278,13,🟢,Repeatable,1.0,ci,0.0065052,23.4,81.5,58.6,58.8,45.2,47.0,52.1,59.0,88a2696
af5df7e1,2026-05-29T06:24:23.122767,all_codecs,bbb_120s,h264,CPU,H.264 CPU,libx264 · 4000 kbps ABR · 1080p · 24 cores,True,31.8,56.92,3839.3,High,1920,1080,120.0,2,93.74,137.35,43.61,31.9,0.3864,29,🟢,Repeatable,0.9865,ci,0.00911904,23.6,91.73,67.1,69.0,36.1,37.0,3.6,12.0,88a2696
af5df7e1,2026-05-29T06:24:23.122767,all_codecs,bbb_120s,h264,GPU,H.264 GPU,h264_vaapi · 4000 kbps ABR · 1080p · full pipeline,True,17.7,56.59,3816.3,High,1920,1080,120.0,1,63.1,132.53,69.43,17.8,0.3433,16,🟢,Repeatable,1.0,ci,0.00810188,23.6,88.04,60.7,61.0,44.0,46.0,51.4,56.0,88a2696
af5df7e1,2026-05-29T06:24:23.122767,all_codecs,bbb_120s,h265,CPU,H.265 CPU,libx265 · 2000 kbps ABR · 1080p · 24 cores,True,59.3,29.66,1931.9,Main,1920,1080,120.0,2,61.6,138.17,76.57,59.4,1.2634,54,🟢,Repeatable,1.0,ci,0.02981624,23.6,89.42,67.2,70.2,37.9,39.0,4.4,14.0,88a2696
af5df7e1,2026-05-29T06:24:23.122767,all_codecs,bbb_120s,h265,GPU,H.265 GPU,hevc_vaapi · 2000 kbps ABR · 1080p · full pipeline,True,14.1,31.3,2049.9,Main,1920,1080,120.0,0,58.27,132.14,73.87,14.1,0.2893,13,🟢,Repeatable,1.0,ci,0.00682748,23.6,84.41,59.5,59.8,44.5,46.0,50.9,57.0,88a2696
af5df7e1,2026-05-29T06:24:23.122767,all_codecs,bbb_120s,av1,CPU,AV1 CPU,libsvtav1 · 1500 kbps ABR · 1080p · 24 cores,True,38.9,23.16,1480.5,Main,1920,1080,120.0,0,58.18,135.38,77.2,39.0,0.8363,35,🟢,Repeatable,1.0,ci,0.01973668,23.6,90.79,68.3,75.4,38.4,40.0,3.6,13.0,88a2696
af5df7e1,2026-05-29T06:24:23.122767,all_codecs,bbb_120s,av1,GPU,AV1 GPU,av1_vaapi · 1500 kbps ABR · 1080p · full pipeline,True,14.0,23.53,1507.1,Main,1920,1080,120.0,0,59.09,133.22,74.13,14.1,0.2903,13,🟢,Repeatable,1.0,ci,0.00685108,23.6,81.49,58.5,58.6,45.0,46.0,52.4,58.0,88a2696
b2253b8b,2026-05-29T04:56:22.885167,all_codecs,meridian_120s,h264,CPU,H.264 CPU,libx264 · 4000 kbps ABR · 1080p · 24 cores,True,36.5,57.07,3983.8,High,1920,1080,120.0,2,102.88,138.13,35.25,36.6,0.3584,33,🟡,Early insight,0.9117,ci,0.00831488,23.2,93.98,66.7,69.0,36.4,38.0,4.2,15.0,88a2696
b2253b8b,2026-05-29T04:56:22.885167,all_codecs,meridian_120s,h264,GPU,H.264 GPU,h264_vaapi · 4000 kbps ABR · 1080p · full pipeline,True,19.5,54.45,3800.8,High,1920,1080,120.0,1,64.93,133.96,69.03,19.6,0.3758,18,🟢,Repeatable,1.0,ci,0.00871856,23.2,92.11,61.2,61.8,43.9,46.0,48.3,55.0,88a2696
b2253b8b,2026-05-29T04:56:22.885167,all_codecs,meridian_120s,h265,CPU,H.265 CPU,libx265 · 2000 kbps ABR · 1080p · 24 cores,True,59.6,28.61,1992.9,Main,1920,1080,120.0,2,59.03,136.89,77.86,59.7,1.2912,54,🟢,Repeatable,1.0,ci,0.02995584,23.2,93.94,66.4,68.0,38.2,39.0,3.5,11.0,88a2696
b2253b8b,2026-05-29T04:56:22.885167,all_codecs,meridian_120s,h265,GPU,H.265 GPU,hevc_vaapi · 2000 kbps ABR · 1080p · full pipeline,True,17.1,28.39,1982.2,Main,1920,1080,120.0,0,59.79,128.07,68.28,17.2,0.3262,16,🟢,Repeatable,1.0,ci,0.00756784,23.2,92.0,60.2,61.0,43.9,46.0,45.4,54.0,88a2696
b2253b8b,2026-05-29T04:56:22.885167,all_codecs,meridian_120s,av1,CPU,AV1 CPU,libsvtav1 · 1500 kbps ABR · 1080p · 24 cores,True,30.7,14.3,997.2,Main,1920,1080,120.0,0,60.45,135.54,75.09,30.8,0.6424,28,🟢,Repeatable,1.0,ci,0.01490368,23.2,92.41,63.2,64.8,39.0,40.0,4.0,13.0,88a2696
b2253b8b,2026-05-29T04:56:22.885167,all_codecs,meridian_120s,av1,GPU,AV1 GPU,av1_vaapi · 1500 kbps ABR · 1080p · full pipeline,True,16.3,20.34,1419.3,Main,1920,1080,120.0,0,62.23,130.66,68.43,16.4,0.3117,15,🟢,Repeatable,1.0,ci,0.00723144,23.2,90.8,59.1,59.4,45.0,47.0,48.6,55.0,88a2696
be0558cd,2026-05-29T04:30:09.626231,all_codecs,meridian_120s,h264,CPU,H.264 CPU,libx264 · 4000 kbps ABR · 1080p · 24 cores,True,35.7,57.07,3983.8,High,1920,1080,120.0,2,95.69,139.02,43.33,35.8,0.4309,33,🟢,Repeatable,0.9703,ci,0.0176669,41,93.98,66.7,68.6,36.4,38.0,4.2,14.0,88a2696
be0558cd,2026-05-29T04:30:09.626231,all_codecs,meridian_120s,h264,GPU,H.264 GPU,h264_vaapi · 4000 kbps ABR · 1080p · full pipeline,True,19.4,54.45,3800.8,High,1920,1080,120.0,1,59.89,131.94,72.05,19.5,0.3903,18,🟢,Repeatable,1.0,ci,0.0160023,41,92.11,61.4,62.2,43.9,46.0,49.7,55.0,88a2696
be0558cd,2026-05-29T04:30:09.626231,all_codecs,meridian_120s,h265,CPU,H.265 CPU,libx265 · 2000 kbps ABR · 1080p · 24 cores,True,59.7,28.61,1992.9,Main,1920,1080,120.0,2,63.38,137.8,74.42,59.8,1.2362,55,🟢,Repeatable,1.0,ci,0.0506842,41,93.94,66.5,68.1,38.3,40.0,3.7,11.0,88a2696
be0558cd,2026-05-29T04:30:09.626231,all_codecs,meridian_120s,h265,GPU,H.265 GPU,hevc_vaapi · 2000 kbps ABR · 1080p · full pipeline,True,16.8,28.39,1982.2,Main,1920,1080,120.0,0,64.64,126.31,61.67,17.0,0.2912,16,🟢,Repeatable,1.0,ci,0.0119392,41,92.0,60.2,60.9,44.2,46.0,46.1,54.0,88a2696
be0558cd,2026-05-29T04:30:09.626231,all_codecs,meridian_120s,av1,CPU,AV1 CPU,libsvtav1 · 1500 kbps ABR · 1080p · 24 cores,True,30.7,14.14,986.0,Main,1920,1080,120.0,0,59.6,134.86,75.26,30.8,0.6439,28,🟢,Repeatable,1.0,ci,0.0263999,41,92.4,63.4,64.8,39.0,40.0,4.1,12.0,88a2696
be0558cd,2026-05-29T04:30:09.626231,all_codecs,meridian_120s,av1,GPU,AV1 GPU,av1_vaapi · 1500 kbps ABR · 1080p · full pipeline,True,16.7,20.34,1419.2,Main,1920,1080,120.0,0,59.91,129.76,69.85,16.9,0.3279,16,🟢,Repeatable,1.0,ci,0.0134439,41,90.8,59.3,59.8,44.9,47.0,47.5,55.0,88a2696
c2201908,2026-05-29T04:38:54.890414,all_codecs,meridian_120s,h264,CPU,H.264 CPU,libx264 · 4000 kbps ABR · 1080p · 24 cores,True,36.7,57.07,3983.8,High,1920,1080,120.0,2,102.17,137.5,35.33,36.8,0.3612,33,🟡,Early insight,0.9485,ci,0.00881328,24.4,93.98,66.6,68.6,36.4,39.0,4.3,20.0,88a2696
c2201908,2026-05-29T04:38:54.890414,all_codecs,meridian_120s,h264,GPU,H.264 GPU,h264_vaapi · 4000 kbps ABR · 1080p · full pipeline,True,19.4,54.45,3800.8,High,1920,1080,120.0,1,62.26,131.96,69.7,19.5,0.3775,18,🟢,Repeatable,1.0,ci,0.009211,24.4,92.11,61.4,62.1,43.8,46.0,48.6,55.0,88a2696
c2201908,2026-05-29T04:38:54.890414,all_codecs,meridian_120s,h265,CPU,H.265 CPU,libx265 · 2000 kbps ABR · 1080p · 24 cores,True,59.6,28.61,1992.9,Main,1920,1080,120.0,2,63.49,136.94,73.45,59.7,1.218,54,🟢,Repeatable,1.0,ci,0.0297192,24.4,93.94,66.4,68.1,38.2,39.0,3.2,9.0,88a2696
c2201908,2026-05-29T04:38:54.890414,all_codecs,meridian_120s,h265,GPU,H.265 GPU,hevc_vaapi · 2000 kbps ABR · 1080p · full pipeline,True,17.1,28.39,1982.2,Main,1920,1080,120.0,0,58.89,128.0,69.11,17.2,0.3302,16,🟢,Repeatable,1.0,ci,0.00805688,24.4,92.0,60.6,61.9,44.0,46.0,46.0,54.0,88a2696
c2201908,2026-05-29T04:38:54.890414,all_codecs,meridian_120s,av1,CPU,AV1 CPU,libsvtav1 · 1500 kbps ABR · 1080p · 24 cores,True,31.0,14.81,1032.7,Main,1920,1080,120.0,0,58.71,137.72,79.0,31.1,0.6825,27,🟢,Repeatable,1.0,ci,0.016653,24.4,92.43,63.9,65.4,39.2,41.0,4.9,14.0,88a2696
c2201908,2026-05-29T04:38:54.890414,all_codecs,meridian_120s,av1,GPU,AV1 GPU,av1_vaapi · 1500 kbps ABR · 1080p · full pipeline,True,16.7,20.34,1419.3,Main,1920,1080,120.0,0,62.55,130.08,67.53,16.8,0.3151,16,🟢,Repeatable,1.0,ci,0.00768844,24.4,90.81,59.2,59.6,44.9,47.0,47.4,55.0,88a2696
d44754a0,2026-05-29T04:47:38.831481,all_codecs,meridian_120s,h264,CPU,H.264 CPU,libx264 · 4000 kbps ABR · 1080p · 24 cores,True,36.3,57.07,3983.8,High,1920,1080,120.0,2,105.82,137.55,31.73,36.4,0.3208,33,🟡,Early insight,0.8731,ci,0.0131528,41,93.98,66.5,68.2,36.3,39.0,4.7,20.0,88a2696
d44754a0,2026-05-29T04:47:38.831481,all_codecs,meridian_120s,h264,GPU,H.264 GPU,h264_vaapi · 4000 kbps ABR · 1080p · full pipeline,True,19.5,54.45,3800.8,High,1920,1080,120.0,1,62.38,130.76,68.38,19.7,0.3742,18,🟢,Repeatable,1.0,ci,0.0153422,41,92.11,61.2,61.9,43.6,46.0,47.9,55.0,88a2696
d44754a0,2026-05-29T04:47:38.831481,all_codecs,meridian_120s,h265,CPU,H.265 CPU,libx265 · 2000 kbps ABR · 1080p · 24 cores,True,59.4,28.61,1992.9,Main,1920,1080,120.0,2,59.28,137.04,77.76,59.5,1.2852,54,🟢,Repeatable,1.0,ci,0.0526932,41,93.94,66.4,67.9,38.2,40.0,3.7,13.0,88a2696
d44754a0,2026-05-29T04:47:38.831481,all_codecs,meridian_120s,h265,GPU,H.265 GPU,hevc_vaapi · 2000 kbps ABR · 1080p · full pipeline,True,16.8,28.39,1982.2,Main,1920,1080,120.0,0,59.2,127.83,68.63,16.9,0.3222,16,🟢,Repeatable,1.0,ci,0.0132102,41,92.0,60.5,61.4,44.1,46.0,46.3,54.0,88a2696
d44754a0,2026-05-29T04:47:38.831481,all_codecs,meridian_120s,av1,CPU,AV1 CPU,libsvtav1 · 1500 kbps ABR · 1080p · 24 cores,True,30.9,14.63,1020.0,Main,1920,1080,120.0,0,58.94,133.07,74.13,31.0,0.6383,28,🟢,Repeatable,1.0,ci,0.0261703,41,92.44,63.6,64.6,38.8,39.0,3.3,9.0,88a2696
d44754a0,2026-05-29T04:47:38.831481,all_codecs,meridian_120s,av1,GPU,AV1 GPU,av1_vaapi · 1500 kbps ABR · 1080p · full pipeline,True,16.4,20.34,1419.3,Main,1920,1080,120.0,0,67.44,129.96,62.52,16.5,0.2866,15,🟢,Repeatable,1.0,ci,0.0117506,41,90.8,59.7,60.9,44.9,47.0,47.6,55.0,88a2696
ec47714b,2026-05-29T03:46:25.129764,all_codecs,meridian_120s,h264,CPU,H.264 CPU,libx264 · 4000 kbps ABR · 1080p · 24 cores,True,37.0,57.07,3983.8,High,1920,1080,120.0,2,106.49,138.1,31.61,37.1,0.3258,34,🟡,Early insight,0.8751,ci,0.0133578,41,93.98,66.6,68.6,37.4,40.0,5.4,20.0,88a2696
ec47714b,2026-05-29T03:46:25.129764,all_codecs,meridian_120s,h264,GPU,H.264 GPU,h264_vaapi · 4000 kbps ABR · 1080p · full pipeline,True,19.6,54.45,3800.8,High,1920,1080,120.0,1,70.98,130.18,59.2,19.7,0.324,18,🟢,Repeatable,1.0,ci,0.013284,41,92.11,61.1,61.8,44.3,47.0,48.1,55.0,88a2696
ec47714b,2026-05-29T03:46:25.129764,all_codecs,meridian_120s,h265,CPU,H.265 CPU,libx265 · 2000 kbps ABR · 1080p · 24 cores,True,59.5,28.61,1992.9,Main,1920,1080,120.0,2,58.61,137.23,78.62,59.6,1.3016,53,🟢,Repeatable,1.0,ci,0.0533656,41,93.94,66.6,68.4,38.7,41.0,4.0,20.0,88a2696
ec47714b,2026-05-29T03:46:25.129764,all_codecs,meridian_120s,h265,GPU,H.265 GPU,hevc_vaapi · 2000 kbps ABR · 1080p · full pipeline,True,17.1,28.39,1982.2,Main,1920,1080,120.0,0,60.04,126.75,66.71,17.2,0.3187,16,🟢,Repeatable,1.0,ci,0.0130667,41,92.0,60.2,60.9,44.5,47.0,45.8,54.0,88a2696
ec47714b,2026-05-29T03:46:25.129764,all_codecs,meridian_120s,av1,CPU,AV1 CPU,libsvtav1 · 1500 kbps ABR · 1080p · 24 cores,True,31.1,14.71,1025.4,Main,1920,1080,120.0,0,61.85,135.42,73.57,31.3,0.6397,29,🟢,Repeatable,1.0,ci,0.0262277,41,92.46,63.5,66.6,39.3,41.0,3.7,13.0,88a2696
ec47714b,2026-05-29T03:46:25.129764,all_codecs,meridian_120s,av1,GPU,AV1 GPU,av1_vaapi · 1500 kbps ABR · 1080p · full pipeline,True,16.3,20.34,1419.2,Main,1920,1080,120.0,0,64.75,131.69,66.94,16.4,0.3049,15,🟢,Repeatable,1.0,ci,0.0125009,41,90.8,59.2,59.6,45.3,47.0,48.6,56.0,88a2696
