# Iso-VMAF table derived from encode_parity_nvenc_24c_2026-06-20_plus_ext.json (measured 2026-08-28T11:43:58+00:00; VMAF v0.6.1 default model; 1080p single rendition; linear interpolation between measured sweep points, method as /methodology#energy-budget)
clip,complexity,codec,profile,vmaf_target,bitrate_kbps_at_target,wh_per_min_at_target,max_measured_vmaf,sweep_points
meridian_120s,low,h264,cpu,88,2928,0.333,96.03,7
meridian_120s,low,h264,cpu,90,2928,0.333,96.03,7
meridian_120s,low,h264,cpu,92,2928,0.333,96.03,7
meridian_120s,low,h264,cpu,94,5083,0.386,96.03,7
meridian_120s,low,h264,cpu,96,14343,0.544,96.03,7
meridian_120s,low,h264,gpu_baseline,88,3004,0.108,95.53,7
meridian_120s,low,h264,gpu_baseline,90,3004,0.108,95.53,7
meridian_120s,low,h264,gpu_baseline,92,3364,0.109,95.53,7
meridian_120s,low,h264,gpu_baseline,94,5477,0.113,95.53,7
meridian_120s,low,h264,gpu_baseline,96,,,95.53,7
meridian_120s,low,h264,gpu_tuned,88,2989,0.203,94.94,7
meridian_120s,low,h264,gpu_tuned,90,2989,0.203,94.94,7
meridian_120s,low,h264,gpu_tuned,92,4422,0.212,94.94,7
meridian_120s,low,h264,gpu_tuned,94,8684,0.218,94.94,7
meridian_120s,low,h264,gpu_tuned,96,,,94.94,7
meridian_120s,low,h265,cpu,88,1481,0.627,95.88,7
meridian_120s,low,h265,cpu,90,1481,0.627,95.88,7
meridian_120s,low,h265,cpu,92,1481,0.627,95.88,7
meridian_120s,low,h265,cpu,94,2739,0.686,95.88,7
meridian_120s,low,h265,cpu,96,,,95.88,7
meridian_120s,low,h265,gpu_baseline,88,1561,0.13,94.97,7
meridian_120s,low,h265,gpu_baseline,90,2176,0.129,94.97,7
meridian_120s,low,h265,gpu_baseline,92,3000,0.129,94.97,7
meridian_120s,low,h265,gpu_baseline,94,5142,0.135,94.97,7
meridian_120s,low,h265,gpu_baseline,96,,,94.97,7
meridian_120s,low,h265,gpu_tuned,88,1524,0.368,94.53,7
meridian_120s,low,h265,gpu_tuned,90,1917,0.373,94.53,7
meridian_120s,low,h265,gpu_tuned,92,2634,0.379,94.53,7
meridian_120s,low,h265,gpu_tuned,94,6728,0.379,94.53,7
meridian_120s,low,h265,gpu_tuned,96,,,94.53,7
meridian_120s,low,av1,cpu,88,687,0.324,94.06,6
meridian_120s,low,av1,cpu,90,687,0.324,94.06,6
meridian_120s,low,av1,cpu,92,1170,0.349,94.06,6
meridian_120s,low,av1,cpu,94,4866,0.375,94.06,6
meridian_120s,low,av1,cpu,96,,,94.06,6
meridian_120s,low,av1,gpu_baseline,88,1034,0.126,94.86,6
meridian_120s,low,av1,gpu_baseline,90,1034,0.126,94.86,6
meridian_120s,low,av1,gpu_baseline,92,1585,0.125,94.86,6
meridian_120s,low,av1,gpu_baseline,94,3771,0.126,94.86,6
meridian_120s,low,av1,gpu_baseline,96,,,94.86,6
meridian_120s,low,av1,gpu_tuned,88,997,0.249,94.39,6
meridian_120s,low,av1,gpu_tuned,90,1306,0.252,94.39,6
meridian_120s,low,av1,gpu_tuned,92,2215,0.255,94.39,6
meridian_120s,low,av1,gpu_tuned,94,5693,0.259,94.39,6
meridian_120s,low,av1,gpu_tuned,96,,,94.39,6
bbb_120s,high,h264,cpu,88,3346,0.304,96.51,7
bbb_120s,high,h264,cpu,90,4231,0.31,96.51,7
bbb_120s,high,h264,cpu,92,5658,0.322,96.51,7
bbb_120s,high,h264,cpu,94,8581,0.347,96.51,7
bbb_120s,high,h264,cpu,96,14845,0.382,96.51,7
bbb_120s,high,h264,gpu_baseline,88,3862,0.138,94.69,7
bbb_120s,high,h264,gpu_baseline,90,4812,0.14,94.69,7
bbb_120s,high,h264,gpu_baseline,92,6793,0.14,94.69,7
bbb_120s,high,h264,gpu_baseline,94,11507,0.14,94.69,7
bbb_120s,high,h264,gpu_baseline,96,,,94.69,7
bbb_120s,high,h264,gpu_tuned,88,4134,0.216,94.53,7
bbb_120s,high,h264,gpu_tuned,90,5188,0.22,94.53,7
bbb_120s,high,h264,gpu_tuned,92,7237,0.222,94.53,7
bbb_120s,high,h264,gpu_tuned,94,12327,0.221,94.53,7
bbb_120s,high,h264,gpu_tuned,96,,,94.53,7
bbb_120s,high,h265,cpu,88,2407,0.601,96.12,7
bbb_120s,high,h265,cpu,90,2959,0.623,96.12,7
bbb_120s,high,h265,cpu,92,4041,0.649,96.12,7
bbb_120s,high,h265,cpu,94,6244,0.709,96.12,7
bbb_120s,high,h265,cpu,96,11871,0.828,96.12,7
bbb_120s,high,h265,gpu_baseline,88,2825,0.145,94.1,7
bbb_120s,high,h265,gpu_baseline,90,3632,0.143,94.1,7
bbb_120s,high,h265,gpu_baseline,92,5122,0.144,94.1,7
bbb_120s,high,h265,gpu_baseline,94,8553,0.148,94.1,7
bbb_120s,high,h265,gpu_baseline,96,,,94.1,7
bbb_120s,high,h265,gpu_tuned,88,2558,0.386,94.45,7
bbb_120s,high,h265,gpu_tuned,90,3248,0.378,94.45,7
bbb_120s,high,h265,gpu_tuned,92,4549,0.381,94.45,7
bbb_120s,high,h265,gpu_tuned,94,7661,0.387,94.45,7
bbb_120s,high,h265,gpu_tuned,96,,,94.45,7
bbb_120s,high,av1,cpu,88,1017,0.372,96.35,6
bbb_120s,high,av1,cpu,90,1377,0.381,96.35,6
bbb_120s,high,av1,cpu,92,1737,0.389,96.35,6
bbb_120s,high,av1,cpu,94,2594,0.449,96.35,6
bbb_120s,high,av1,cpu,96,5045,0.477,96.35,6
bbb_120s,high,av1,gpu_baseline,88,2123,0.106,94.93,6
bbb_120s,high,av1,gpu_baseline,90,2613,0.133,94.93,6
bbb_120s,high,av1,gpu_baseline,92,3448,0.14,94.93,6
bbb_120s,high,av1,gpu_baseline,94,5280,0.139,94.93,6
bbb_120s,high,av1,gpu_baseline,96,,,94.93,6
bbb_120s,high,av1,gpu_tuned,88,2065,0.264,94.53,6
bbb_120s,high,av1,gpu_tuned,90,2507,0.27,94.53,6
bbb_120s,high,av1,gpu_tuned,92,3487,0.256,94.53,6
bbb_120s,high,av1,gpu_tuned,94,5625,0.261,94.53,6
bbb_120s,high,av1,gpu_tuned,96,,,94.53,6
kranjska_120s,sport,h264,cpu,88,8261,0.235,99.8,5
kranjska_120s,sport,h264,cpu,90,8995,0.241,99.8,5
kranjska_120s,sport,h264,cpu,92,10504,0.243,99.8,5
kranjska_120s,sport,h264,cpu,94,12166,0.245,99.8,5
kranjska_120s,sport,h264,cpu,96,13925,0.248,99.8,5
kranjska_120s,sport,h264,gpu_baseline,88,9473,0.066,96.45,5
kranjska_120s,sport,h264,gpu_baseline,90,11129,0.066,96.45,5
kranjska_120s,sport,h264,gpu_baseline,92,13020,0.066,96.45,5
kranjska_120s,sport,h264,gpu_baseline,94,15823,0.067,96.45,5
kranjska_120s,sport,h264,gpu_baseline,96,19758,0.067,96.45,5
kranjska_120s,sport,h264,gpu_tuned,88,9474,0.107,96.65,5
kranjska_120s,sport,h264,gpu_tuned,90,11004,0.106,96.65,5
kranjska_120s,sport,h264,gpu_tuned,92,12648,0.106,96.65,5
kranjska_120s,sport,h264,gpu_tuned,94,15450,0.106,96.65,5
kranjska_120s,sport,h264,gpu_tuned,96,19243,0.107,96.65,5
kranjska_120s,sport,h265,cpu,88,8162,0.654,96.41,5
kranjska_120s,sport,h265,cpu,90,9254,0.688,96.41,5
kranjska_120s,sport,h265,cpu,92,10759,0.724,96.41,5
kranjska_120s,sport,h265,cpu,94,12517,0.752,96.41,5
kranjska_120s,sport,h265,cpu,96,14836,0.763,96.41,5
kranjska_120s,sport,h265,gpu_baseline,88,8477,0.065,93.46,5
kranjska_120s,sport,h265,gpu_baseline,90,9960,0.068,93.46,5
kranjska_120s,sport,h265,gpu_baseline,92,11935,0.069,93.46,5
kranjska_120s,sport,h265,gpu_baseline,94,,,93.46,5
kranjska_120s,sport,h265,gpu_baseline,96,,,93.46,5
kranjska_120s,sport,h265,gpu_tuned,88,8286,0.15,93.71,5
kranjska_120s,sport,h265,gpu_tuned,90,9772,0.154,93.71,5
kranjska_120s,sport,h265,gpu_tuned,92,11659,0.156,93.71,5
kranjska_120s,sport,h265,gpu_tuned,94,,,93.71,5
kranjska_120s,sport,h265,gpu_tuned,96,,,93.71,5
kranjska_120s,sport,av1,cpu,88,7239,0.206,95.49,6
kranjska_120s,sport,av1,cpu,90,8365,0.205,95.49,6
kranjska_120s,sport,av1,cpu,92,9954,0.21,95.49,6
kranjska_120s,sport,av1,cpu,94,11675,0.191,95.49,6
kranjska_120s,sport,av1,cpu,96,,,95.49,6
kranjska_120s,sport,av1,gpu_baseline,88,7211,0.068,95.22,6
kranjska_120s,sport,av1,gpu_baseline,90,8352,0.067,95.22,6
kranjska_120s,sport,av1,gpu_baseline,92,9937,0.068,95.22,6
kranjska_120s,sport,av1,gpu_baseline,94,11713,0.07,95.22,6
kranjska_120s,sport,av1,gpu_baseline,96,,,95.22,6
kranjska_120s,sport,av1,gpu_tuned,88,7178,0.116,95.48,6
kranjska_120s,sport,av1,gpu_tuned,90,8209,0.117,95.48,6
kranjska_120s,sport,av1,gpu_tuned,92,9735,0.113,95.48,6
kranjska_120s,sport,av1,gpu_tuned,94,11353,0.11,95.48,6
kranjska_120s,sport,av1,gpu_tuned,96,,,95.48,6
