# Iso-VMAF table derived from encode_parity_readysetgo_2026-08-28_final.json (measured 2026-08-28T20:15:34+00:00; rescored to VMAF v0.6.1, see protocol.note; 1080p single rendition; linear interpolation between measured sweep points, method as /methodology#energy-budget)
clip,complexity,codec,profile,vmaf_target,bitrate_kbps_at_target,wh_per_min_at_target,max_measured_vmaf,sweep_points
readysetgo_30s,"sport (SI~38.5/TI~40.4, measured 2026-08-28)",h264,cpu,88,5005,0.522,99.93,7
readysetgo_30s,"sport (SI~38.5/TI~40.4, measured 2026-08-28)",h264,cpu,90,5362,0.524,99.93,7
readysetgo_30s,"sport (SI~38.5/TI~40.4, measured 2026-08-28)",h264,cpu,92,5718,0.527,99.93,7
readysetgo_30s,"sport (SI~38.5/TI~40.4, measured 2026-08-28)",h264,cpu,94,6080,0.53,99.93,7
readysetgo_30s,"sport (SI~38.5/TI~40.4, measured 2026-08-28)",h264,cpu,96,7019,0.541,99.93,7
readysetgo_30s,"sport (SI~38.5/TI~40.4, measured 2026-08-28)",h264,gpu_baseline,88,5117,0.175,99.87,7
readysetgo_30s,"sport (SI~38.5/TI~40.4, measured 2026-08-28)",h264,gpu_baseline,90,5479,0.175,99.87,7
readysetgo_30s,"sport (SI~38.5/TI~40.4, measured 2026-08-28)",h264,gpu_baseline,92,5841,0.174,99.87,7
readysetgo_30s,"sport (SI~38.5/TI~40.4, measured 2026-08-28)",h264,gpu_baseline,94,6444,0.174,99.87,7
readysetgo_30s,"sport (SI~38.5/TI~40.4, measured 2026-08-28)",h264,gpu_baseline,96,7273,0.173,99.87,7
readysetgo_30s,"sport (SI~38.5/TI~40.4, measured 2026-08-28)",h264,gpu_tuned,88,5343,0.258,99.9,7
readysetgo_30s,"sport (SI~38.5/TI~40.4, measured 2026-08-28)",h264,gpu_tuned,90,5672,0.26,99.9,7
readysetgo_30s,"sport (SI~38.5/TI~40.4, measured 2026-08-28)",h264,gpu_tuned,92,6000,0.263,99.9,7
readysetgo_30s,"sport (SI~38.5/TI~40.4, measured 2026-08-28)",h264,gpu_tuned,94,6711,0.26,99.9,7
readysetgo_30s,"sport (SI~38.5/TI~40.4, measured 2026-08-28)",h264,gpu_tuned,96,7443,0.258,99.9,7
readysetgo_30s,"sport (SI~38.5/TI~40.4, measured 2026-08-28)",h265,cpu,88,3461,0.994,99.76,7
readysetgo_30s,"sport (SI~38.5/TI~40.4, measured 2026-08-28)",h265,cpu,90,3798,1.015,99.76,7
readysetgo_30s,"sport (SI~38.5/TI~40.4, measured 2026-08-28)",h265,cpu,92,4218,1.039,99.76,7
readysetgo_30s,"sport (SI~38.5/TI~40.4, measured 2026-08-28)",h265,cpu,94,4637,1.063,99.76,7
readysetgo_30s,"sport (SI~38.5/TI~40.4, measured 2026-08-28)",h265,cpu,96,5056,1.086,99.76,7
readysetgo_30s,"sport (SI~38.5/TI~40.4, measured 2026-08-28)",h265,gpu_baseline,88,3838,0.198,99.78,7
readysetgo_30s,"sport (SI~38.5/TI~40.4, measured 2026-08-28)",h265,gpu_baseline,90,4189,0.193,99.78,7
readysetgo_30s,"sport (SI~38.5/TI~40.4, measured 2026-08-28)",h265,gpu_baseline,92,4540,0.188,99.78,7
readysetgo_30s,"sport (SI~38.5/TI~40.4, measured 2026-08-28)",h265,gpu_baseline,94,4891,0.183,99.78,7
readysetgo_30s,"sport (SI~38.5/TI~40.4, measured 2026-08-28)",h265,gpu_baseline,96,5601,0.183,99.78,7
readysetgo_30s,"sport (SI~38.5/TI~40.4, measured 2026-08-28)",h265,gpu_tuned,88,3758,0.429,99.88,7
readysetgo_30s,"sport (SI~38.5/TI~40.4, measured 2026-08-28)",h265,gpu_tuned,90,4115,0.418,99.88,7
readysetgo_30s,"sport (SI~38.5/TI~40.4, measured 2026-08-28)",h265,gpu_tuned,92,4472,0.407,99.88,7
readysetgo_30s,"sport (SI~38.5/TI~40.4, measured 2026-08-28)",h265,gpu_tuned,94,4829,0.395,99.88,7
readysetgo_30s,"sport (SI~38.5/TI~40.4, measured 2026-08-28)",h265,gpu_tuned,96,5454,0.388,99.88,7
readysetgo_30s,"sport (SI~38.5/TI~40.4, measured 2026-08-28)",av1,cpu,88,3344,0.537,98.56,6
readysetgo_30s,"sport (SI~38.5/TI~40.4, measured 2026-08-28)",av1,cpu,90,3623,0.543,98.56,6
readysetgo_30s,"sport (SI~38.5/TI~40.4, measured 2026-08-28)",av1,cpu,92,3902,0.55,98.56,6
readysetgo_30s,"sport (SI~38.5/TI~40.4, measured 2026-08-28)",av1,cpu,94,4609,0.554,98.56,6
readysetgo_30s,"sport (SI~38.5/TI~40.4, measured 2026-08-28)",av1,cpu,96,5444,0.558,98.56,6
readysetgo_30s,"sport (SI~38.5/TI~40.4, measured 2026-08-28)",av1,gpu_baseline,88,3498,0.188,99.43,6
readysetgo_30s,"sport (SI~38.5/TI~40.4, measured 2026-08-28)",av1,gpu_baseline,90,3765,0.186,99.43,6
readysetgo_30s,"sport (SI~38.5/TI~40.4, measured 2026-08-28)",av1,gpu_baseline,92,4032,0.184,99.43,6
readysetgo_30s,"sport (SI~38.5/TI~40.4, measured 2026-08-28)",av1,gpu_baseline,94,4661,0.184,99.43,6
readysetgo_30s,"sport (SI~38.5/TI~40.4, measured 2026-08-28)",av1,gpu_baseline,96,5316,0.185,99.43,6
readysetgo_30s,"sport (SI~38.5/TI~40.4, measured 2026-08-28)",av1,gpu_tuned,88,3864,0.278,99.34,6
readysetgo_30s,"sport (SI~38.5/TI~40.4, measured 2026-08-28)",av1,gpu_tuned,90,4160,0.277,99.34,6
readysetgo_30s,"sport (SI~38.5/TI~40.4, measured 2026-08-28)",av1,gpu_tuned,92,4659,0.278,99.34,6
readysetgo_30s,"sport (SI~38.5/TI~40.4, measured 2026-08-28)",av1,gpu_tuned,94,5158,0.278,99.34,6
readysetgo_30s,"sport (SI~38.5/TI~40.4, measured 2026-08-28)",av1,gpu_tuned,96,5657,0.278,99.34,6
